CLIENTE_ID,CLIENTE_NOME,CLIENTE_CEP,CLIENTE_CIDADE,CLIENTE_ESTADO
1,Melissa Peixoto,96539472,Melo de Goiás,Amazonas
2,Noah Gomes,76991193,Gonçalves,Bahia
3,Maria Julia Lopes,99769086,Caldeira,Pernambuco
4,Sabrina Rocha,03676-067,da Cunha,Santa Catarina
5,Sr. Caio Teixeira,64542469,Carvalho de Viana,Pará
6,Luiz Fernando Freitas,69267185,da Luz do Sul,Rondônia
7,Ana Laura Melo,03749585,das Neves,Alagoas
8,Carolina Almeida,09447-959,Duarte,Paraná
9,Eduardo Pereira,36161-309,Cardoso,Alagoas
10,Matheus Gonçalves,53045297,Almeida,Paraíba
11,Maysa Cunha,05984516,Nunes,Amazonas
12,Brenda Nascimento,87584-516,das Neves,Pará
13,Renan Peixoto,70196-826,Martins do Sul,Sergipe
14,Alexia Campos,10263-281,da Paz do Sul,Tocantins
15,Alexia da Mota,72244423,da Paz das Flores,Bahia
16,Pedro Henrique da Costa,31517-058,da Conceição de Minas,Mato Grosso do Sul
17,André Duarte,09304-532,Barbosa dos Dourados,Amazonas
18,Diogo Sales,21893-936,Rezende,Roraima
19,Diogo da Luz,88216365,Teixeira do Campo,Minas Gerais
20,Enrico Lima,48812-702,Barbosa da Mata,Sergipe
21,Francisco Pires,61467-189,Mendes,Maranhão
22,Paulo Azevedo,93098663,Jesus de Alves,Rio de Janeiro
23,Emanuella Fogaça,06315-893,Costa,Rio Grande do Sul
24,Pietra Martins,37644707,Aragão,Amapá
25,João Pedro da Mota,46627-454,Martins do Sul,Rio Grande do Norte
26,Marcos Vinicius Sales,91885564,Araújo de Martins,Mato Grosso
27,Agatha Silva,77259799,Moreira do Norte,Sergipe
28,Lavínia da Conceição,99261776,Correia de Minas,Piauí
29,Otávio da Rosa,34651-870,Nascimento Verde,Rio Grande do Norte
30,Srta. Gabrielly da Mota,01823-480,da Mota de da Cruz,Amapá
31,Arthur Campos,86874998,Barros da Mata,Rio Grande do Sul
32,Isaac Araújo,89544337,Mendes da Praia,Acre
33,Dr. Lucca Peixoto,95052113,Santos do Sul,Roraima
34,Sr. Pedro Caldeira,79261-055,Santos do Campo,Mato Grosso
35,Eloah Gomes,20146823,Monteiro,Acre
36,Ana Vitória Castro,62972-862,da Rocha,Mato Grosso
37,Nina Martins,76504985,Monteiro,Goiás
38,Lara da Rosa,88699-847,Nunes Verde,Minas Gerais
39,Dr. Leonardo Lima,70168-515,Alves das Pedras,Ceará
40,Ana Julia Pires,19943703,da Mata de Pinto,Rio Grande do Norte
41,Clarice Lima,00749447,Rocha,Acre
42,Ian Pinto,30536-816,Cavalcanti do Sul,Pernambuco
43,Dr. Isaac Costa,02194-234,Santos,Mato Grosso
44,Davi Lucca Barros,18862-071,Gonçalves de Freitas,Bahia
45,Srta. Luna Jesus,91465-845,Porto,Santa Catarina
46,Ana Luiza Rocha,08552-373,da Cruz das Flores,Amapá
47,Ana Laura Nunes,92930-227,Gonçalves,Mato Grosso
48,Bianca Mendes,94905011,Vieira,Roraima
49,Dr. Benício da Paz,04267-098,Novaes,Paraná
50,Renan Santos,09220-421,Fogaça de Santos,Mato Grosso
51,Eduarda Porto,01507143,Teixeira Alegre,Acre
52,João Miguel Mendes,25738-949,da Paz das Flores,Paraíba
53,Maitê Melo,78748-783,da Rocha,Alagoas
54,Gustavo Novaes,41261848,Campos,Mato Grosso
55,Dr. Lorenzo Mendes,73671927,Viana da Mata,Pernambuco
56,Gustavo Henrique da Paz,18737989,Novaes,Rio Grande do Norte
57,Larissa Azevedo,96754-046,Costela Grande,Alagoas
58,Kamilly Cunha,29849-261,Caldeira,Minas Gerais
59,Helena Moura,13254-053,Oliveira,Rio Grande do Sul
60,Sofia Souza,99418232,Costela do Norte,Espírito Santo
61,Sr. Enrico Gomes,04018-194,Castro de Minas,Rio de Janeiro
62,Sabrina da Cruz,85872-762,Viana,São Paulo
63,João Gabriel Araújo,27909367,da Cunha dos Dourados,Piauí
64,Mariane Gonçalves,74161770,Novaes de Silveira,Goiás
65,Vicente Farias,88239-150,Sales do Amparo,Bahia
66,Caroline Barbosa,23353-827,das Neves,São Paulo
67,Sr. Enzo Gabriel Cunha,71287555,Cardoso,Pernambuco
68,Lorena Peixoto,58362683,Silveira,Rio de Janeiro
69,Lucca Carvalho,61183-234,Melo,Bahia
70,Luna da Costa,49461681,Pires,Pernambuco
71,Heloísa Rezende,14870-229,Ribeiro de Goiás,Paraíba
72,Yuri Moraes,47384937,Costela de Goiás,Maranhão
73,Ana Júlia Moraes,70315534,Peixoto,Rondônia
74,Anthony Silva,57087-469,da Cruz de Minas,Ceará
75,Dra. Emilly Fogaça,34529-536,da Cunha Paulista,Rio de Janeiro
76,Yago Costa,13724-009,Duarte,Sergipe
77,Ana Sophia Silva,16581-749,Oliveira,Mato Grosso
78,Sra. Laís Campos,79215-156,Melo de Ferreira,Roraima
79,Pedro Lucas Correia,84931-468,Sales de da Paz,Amapá
80,Ana Luiza Farias,21421808,Rodrigues Verde,Rio Grande do Sul
81,Sra. Raquel Peixoto,27611654,da Rocha,Rio Grande do Sul
82,Cauã Rodrigues,61083196,Moura Grande,Bahia
83,Emanuella Gomes,46743472,Cardoso Verde,Alagoas
84,Alexandre Rezende,04703587,Ramos dos Dourados,Mato Grosso
85,Eduardo Moura,42085714,da Paz de Costa,Rondônia
86,Ana Lívia Rocha,94295-473,Teixeira das Flores,Tocantins
87,Nicolas Vieira,55434289,Oliveira,Maranhão
88,Sra. Manuela Alves,42129-806,Ferreira,Paraíba
89,Elisa Cardoso,76831-092,Martins,Espírito Santo
90,Luana Fogaça,89055-478,Fernandes,Ceará
91,Natália Pires,28468-947,Dias,Maranhão
92,Maitê Jesus,26381571,da Cruz,Ceará
93,Francisco Gomes,57792949,Oliveira,Alagoas
94,Sra. Olivia Teixeira,49623-619,Pereira de da Luz,Mato Grosso
95,Mariane Farias,15096-440,Pinto Verde,Minas Gerais
96,Srta. Marcela Gomes,70709151,Porto,Bahia
97,Isadora Silva,37469242,Nascimento,Bahia
98,Dra. Lara Gomes,07715-349,Souza,Mato Grosso do Sul
99,Yuri Moraes,19120-953,Pires,Piauí
100,Gabriela Caldeira,98106381,Jesus,Amazonas
101,Marcos Vinicius das Neves,29172396,Melo,Alagoas
102,Maria Julia Cardoso,15464649,Barbosa,Pará
103,Luiz Felipe Novaes,00126252,Monteiro de Mendes,Tocantins
104,Daniel Carvalho,48693783,Araújo Verde,Roraima
105,Benício Cunha,48895921,Cunha,Bahia
106,Carolina Rodrigues,24780-835,Novaes Paulista,Rio de Janeiro
107,Rodrigo da Mata,02904-307,Melo,Maranhão
108,Mariana Costela,67959-635,Araújo,Paraíba
109,Isabelly Jesus,82126-071,Jesus,Pará
110,Gabriel Araújo,18714036,Cardoso de das Neves,Bahia
111,Rebeca Nogueira,42585-194,Moreira,Bahia
112,Breno Moreira,51104492,Correia,Acre
113,Rafaela Melo,57091533,Sales de Nunes,Pará
114,Maria Sophia Costa,30356-021,Dias,Rio Grande do Sul
115,Ana Beatriz Dias,68441-853,Vieira,Sergipe
116,Thomas Silva,24108-818,da Mota do Norte,Paraná
117,André Campos,48480498,da Rocha de Silveira,Alagoas
118,Diogo Vieira,92687098,Rodrigues,Mato Grosso do Sul
119,Raquel Rocha,54673-171,das Neves,Paraíba
120,Marcela da Costa,70321-786,Campos,Roraima
121,Ryan Ferreira,96411-484,Porto,Maranhão
122,Guilherme Rocha,88108222,Nascimento,Piauí
123,Laís Costela,36852511,da Costa,Goiás
124,Lucca Moura,66958251,Nogueira do Oeste,Amazonas
125,Benício da Cruz,26610390,Campos do Galho,Espírito Santo
126,Pietro da Rocha,15308071,Aragão,Distrito Federal
127,Isabel Melo,59819051,da Cunha,Bahia
128,Gustavo Henrique Dias,99487-769,Melo,Bahia
129,Davi Lucca Silva,39267667,Cunha,Rio Grande do Norte
130,Olivia da Mata,84635045,Pereira de Ferreira,Amazonas
131,Luiz Gustavo Melo,21145-998,Ramos,Piauí
132,Sr. Isaac Alves,07023-089,Mendes de Goiás,Rondônia
133,Gabriela da Cruz,16962674,Moura de Moreira,Santa Catarina
134,Henrique Nascimento,93489732,Novaes,Paraíba
135,Stella Oliveira,08742807,Almeida,Rio Grande do Sul
136,Davi da Cruz,97492896,Cardoso,Distrito Federal
137,Francisco da Rosa,44512464,Freitas de da Cunha,Paraná
138,João Vitor da Luz,16610929,Lopes de Goiás,São Paulo
139,Francisco das Neves,84778116,Campos,Ceará
140,Yasmin Duarte,27845-977,Cardoso,Rio Grande do Norte
141,Dra. Ana Laura Melo,54917810,Alves de Goiás,Rio Grande do Norte
142,Ana Júlia Cavalcanti,28825-212,Pires,Piauí
143,Isadora da Rosa,09769465,Costa,Alagoas
144,Noah Fernandes,40271-528,Cardoso,Santa Catarina
145,Ryan Silveira,13433283,Pires Verde,Mato Grosso
146,Rafaela Ribeiro,70568-599,da Costa,Roraima
147,Ana Clara da Cruz,81076539,Duarte do Norte,Amapá
148,Davi Cardoso,93891783,da Mota,Amapá
149,Sra. Lara da Costa,28941-997,Melo,Maranhão
150,Marcos Vinicius Porto,80708-150,Pereira da Praia,Mato Grosso
151,Sabrina Farias,61494131,Farias,Mato Grosso
152,Ryan Nogueira,67627-556,Costa do Norte,Santa Catarina
153,Otávio Rezende,18080879,da Luz,Roraima
154,Laís das Neves,48634972,Farias,Rio Grande do Norte
155,Isis Azevedo,81743-216,Pereira do Galho,Sergipe
156,Davi Barbosa,07321810,Novaes,Amazonas
157,Gabriel Viana,69776894,Novaes do Sul,Distrito Federal
158,Emanuel Martins,70976942,Caldeira do Oeste,Amapá
159,Fernando Moreira,31218-230,Ferreira,Pará
160,Isis Costa,50131699,Rodrigues,Rio de Janeiro
161,Dr. Davi Lucas da Mata,83157-613,Nogueira do Amparo,Rondônia
162,Emanuelly Moraes,39568372,Freitas da Praia,Acre
163,Cauã Campos,56792-705,Monteiro do Norte,Maranhão
164,Arthur Lima,43029837,Mendes,Acre
165,Cauê Rocha,40816-382,Monteiro,Maranhão
166,Lucca Barbosa,47758-023,Jesus,Piauí
167,Luiz Otávio Barros,93076-076,Cunha do Galho,Paraná
168,Melissa da Rosa,65254698,Moura da Prata,Piauí
169,Bruna Pires,28356-958,Oliveira,Espírito Santo
170,Bryan Moraes,44928-586,Campos de Melo,Distrito Federal
171,Isaac Cardoso,29247272,Costela do Amparo,Santa Catarina
172,Carolina Correia,26727751,da Luz,Pará
173,Murilo Araújo,21821005,Fernandes,Amazonas
174,Joana Rezende,36308-325,Barbosa,Ceará
175,Rodrigo Ramos,90244-768,Moura de Goiás,Goiás
176,Júlia Barros,20439-244,Moraes,Rio Grande do Sul
177,Francisco Novaes,59205026,Cardoso,São Paulo
178,Carlos Eduardo Freitas,47877-954,Costa,Ceará
179,Ana Julia da Costa,17168215,Alves,Alagoas
180,Nathan Fernandes,59274-622,das Neves de Teixeira,Pará
181,Luiza Alves,62867-201,Lopes,Rondônia
182,Pedro das Neves,83764110,Oliveira,Roraima
183,Dra. Kamilly Nascimento,80756-657,Castro,Paraná
184,Clara Vieira,40696624,Ramos,Pernambuco
185,Valentina Carvalho,71202-094,Viana,Rio Grande do Sul
186,Benjamin Moreira,69903-377,Campos,Santa Catarina
187,Bryan Correia,47183-582,Rodrigues,Roraima
188,Diogo Pires,54995945,da Mata da Serra,Maranhão
189,Lívia Ramos,37374455,Mendes dos Dourados,Amapá
190,Eduardo Souza,10942185,Silva,Paraná
191,Dra. Gabriela Moura,89113-398,Moreira,Rio Grande do Norte
192,Camila Oliveira,82796-837,Ramos das Pedras,Pernambuco
193,Isadora Pires,94533-828,Costa,Rondônia
194,Isaac Novaes,49271214,Freitas Paulista,Goiás
195,Pietra Cardoso,44385132,Fernandes das Flores,Paraíba
196,Sra. Bianca Ferreira,23054085,da Paz,São Paulo
197,Davi Castro,63934426,Jesus de Peixoto,Pernambuco
198,Maria Luiza Peixoto,01977-440,Nascimento,Bahia
199,Srta. Luana Freitas,43857604,Lopes da Serra,Santa Catarina
200,Isabelly Almeida,37447-777,Rezende,Sergipe
201,Leonardo Fernandes,84935-778,Lopes,Minas Gerais
202,Catarina Pereira,60147806,Almeida,Espírito Santo
203,Gustavo Nogueira,03056241,Lima,Rio Grande do Norte
204,Rebeca da Paz,16711-756,Farias de Lopes,Ceará
205,Leonardo Rodrigues,78968-530,Moreira da Prata,Rio Grande do Sul
206,Dra. Agatha Rezende,33938305,da Mota,Amapá
207,Laís da Cunha,18148-437,Moraes do Norte,Bahia
208,Larissa Nogueira,78083-684,Moura do Amparo,Goiás
209,Dr. Breno Farias,35801-875,Carvalho,Distrito Federal
210,João Pedro da Rosa,22485176,Sales do Galho,Maranhão
211,Gustavo Henrique Silveira,46508345,Moura Verde,Rio de Janeiro
212,Maria Vitória Caldeira,26733353,Caldeira,Mato Grosso do Sul
213,Sr. Henrique Mendes,88632371,das Neves,Paraíba
214,Calebe Pereira,03202592,da Luz da Praia,Amazonas
215,Pedro Miguel Azevedo,14086105,das Neves,Paraíba
216,João Guilherme Castro,82442846,Pinto Alegre,Bahia
217,Laís da Rosa,14504-421,Lima das Pedras,Bahia
218,Stella Fernandes,63566-725,Viana do Sul,Mato Grosso do Sul
219,João Miguel Fernandes,25584-148,da Cunha do Sul,Goiás
220,Nicole Nogueira,66381920,Fogaça da Mata,Acre
221,Gustavo Aragão,81798-259,Costa,Alagoas
222,Ana Julia Souza,71957-355,Dias,Amazonas
223,Alice Pires,50889837,Dias da Praia,Mato Grosso do Sul
224,Francisco Campos,83406-845,Azevedo do Norte,Amapá
225,Luigi Oliveira,01153-157,Campos do Norte,Amapá
226,Augusto Rezende,83547-103,Rodrigues,Mato Grosso
227,Maria Luiza Pires,42772-032,da Mota,Rio Grande do Norte
228,Marcelo Barbosa,71435-741,Souza,Ceará
229,Srta. Giovanna Correia,40435-444,Novaes,Acre
230,Luiz Gustavo da Cunha,72275448,Santos,Amapá
231,Enrico Gonçalves,88302674,Dias de Moreira,São Paulo
232,Maria Eduarda Lopes,72193310,Santos da Serra,São Paulo
233,Lucas Vieira,15325660,Costa do Campo,Acre
234,Srta. Kamilly da Rocha,42517755,Pires de Minas,Tocantins
235,Maria Clara Rezende,30999-695,Alves,Mato Grosso
236,Nina Costa,87792120,Mendes de Freitas,Pará
237,Emilly Martins,18784-283,Pereira de Goiás,Rondônia
238,Ana Lívia Carvalho,54801118,Silveira do Campo,Espírito Santo
239,Eduarda Barros,82990-447,Gonçalves de Goiás,Espírito Santo
240,Luna Costela,04212693,Almeida do Amparo,Sergipe
241,Francisco Ribeiro,07215-330,Teixeira Verde,Mato Grosso do Sul
242,Sr. Noah Almeida,92586645,Azevedo,Rio de Janeiro
243,Gustavo Henrique Duarte,57351-315,Nunes dos Dourados,Santa Catarina
244,Carolina Moura,59833-612,Correia da Prata,Espírito Santo
245,Julia da Paz,21503427,Peixoto de Costela,Paraíba
246,Lucca Jesus,62575933,Oliveira Grande,Rio de Janeiro
247,Otávio Costa,42195-109,Duarte,Ceará
248,Paulo Novaes,69652339,Silva,Piauí
249,Luiz Miguel Fernandes,57999830,Vieira,Goiás
250,Antônio Jesus,40094812,Pinto do Norte,Rondônia
251,Evelyn da Mota,47925991,Correia,Rio Grande do Norte
252,Cauã Lima,80666777,Gonçalves,Distrito Federal
253,Sophie Duarte,97477200,Nunes,Tocantins
254,Caio Moura,29499-792,Caldeira,São Paulo
255,Marcela da Cunha,55670-381,Mendes,Sergipe
256,Kamilly Barbosa,86349-804,Barbosa de Goiás,Mato Grosso
257,Larissa Santos,47589554,Mendes,São Paulo
258,Daniel Almeida,59158810,da Cruz,Distrito Federal
259,Cauã da Luz,75669-248,Fernandes,Rondônia
260,Eduarda Caldeira,77649-922,Nunes de Moraes,Rio de Janeiro
261,Luana Cardoso,75094556,da Rosa,Roraima
262,Lucas Gabriel Pinto,33587097,Dias Verde,Tocantins
263,Evelyn Martins,21802677,da Mata,Paraná
264,Sabrina Barros,34463-647,Almeida,Roraima
265,Kaique Cardoso,88081-780,Souza,Amazonas
266,Luana Lopes,94576-271,Pereira,Mato Grosso
267,João Gabriel Novaes,63701042,Rocha,Goiás
268,João Lucas Costela,07214569,Dias do Oeste,Santa Catarina
269,Rodrigo Viana,59507-271,Carvalho,Pará
270,Nina Pereira,85437189,Monteiro,Paraíba
271,Igor Cardoso,84733-300,Fernandes,Rio de Janeiro
272,Camila Rodrigues,59883-198,Farias,São Paulo
273,Thales Pinto,26841-889,Gomes do Oeste,Amapá
274,Júlia Rodrigues,96279908,Cunha dos Dourados,Sergipe
275,Sr. Benjamin Rodrigues,05394-852,Pereira da Serra,Goiás
276,Nicole Fogaça,58973-042,Barros,Maranhão
277,Antônio Araújo,38290386,Teixeira dos Dourados,São Paulo
278,Laura Silva,06409-729,Nogueira,Piauí
279,Maria Cecília Aragão,46939-536,Silveira,Alagoas
280,Enrico Novaes,47458-918,Dias da Prata,Paraíba
281,Sr. Marcos Vinicius Ribeiro,74102470,Costa de Goiás,Goiás
282,Ryan da Cunha,54434597,Martins,Distrito Federal
283,Pedro Henrique Rodrigues,92256758,Alves da Praia,Acre
284,Fernando Lima,52894227,Monteiro Paulista,Santa Catarina
285,Lorena Campos,78862-474,Silveira,Pernambuco
286,Bruno Fogaça,28993978,Ferreira do Oeste,São Paulo
287,Maria Sophia Dias,62691-117,Ferreira,Sergipe
288,Clarice Azevedo,87594-467,Castro de Cardoso,Pernambuco
289,Mariane Pinto,97734-100,Fernandes,Goiás
290,Bruna Rodrigues,47712-824,Oliveira,Rondônia
291,Giovanna Barbosa,54026-493,Ribeiro do Galho,Pernambuco
292,Sra. Bárbara Porto,15195-956,Pereira de Viana,Paraíba
293,Bruna Monteiro,83856-157,Farias das Pedras,Rio Grande do Norte
294,Sra. Sofia Nogueira,39389866,Silva da Prata,Mato Grosso do Sul
295,João Lucas da Mata,45525949,Dias das Flores,Paraíba
296,Ana Sophia da Mata,97004721,Dias das Flores,Acre
297,Bianca Costa,96048-410,Pereira,Distrito Federal
298,Lorena Novaes,43352835,Fogaça,Rio de Janeiro
299,Lavínia Melo,25687-640,Moraes da Mata,Sergipe
300,Dr. Pedro Pinto,97329-026,Ramos,Rio Grande do Norte
301,Lucca Nascimento,10325321,Rezende de Goiás,Rio Grande do Sul
302,Maria Cecília Barros,51977-516,da Costa do Sul,Mato Grosso
303,Sr. Thomas Nunes,52352-832,Aragão,Pará
304,Dra. Olivia Lima,01608494,da Cruz das Flores,Rondônia
305,Srta. Emilly Porto,22052136,Gonçalves,Minas Gerais
306,Larissa Silveira,18192-913,da Cunha do Norte,Amapá
307,Lucas Gabriel Cardoso,60906872,Correia,Mato Grosso
308,Ryan Lopes,47826833,Rocha,Goiás
309,Antônio Moraes,14245865,da Rosa de Cunha,Goiás
310,Olivia Cavalcanti,67373040,Moura,Rondônia
311,Ana Beatriz Peixoto,96111980,Peixoto do Campo,Rondônia
312,Dr. Samuel Monteiro,77120406,Melo de Jesus,Maranhão
313,Ana Sophia das Neves,13371-048,Novaes,Amapá
314,Fernanda Gomes,58637-265,Freitas Grande,Amazonas
315,João Felipe Carvalho,54346348,Peixoto de da Rocha,Santa Catarina
316,Sr. Lucas Freitas,56352927,Santos,Mato Grosso
317,Fernando Azevedo,20051-984,Santos,Rio de Janeiro
318,Benjamin Barbosa,52498878,Campos da Praia,Maranhão
319,Levi da Mota,25170619,Peixoto,Alagoas
320,Marcela da Rocha,24259-992,Rezende,Pernambuco
321,Agatha Fernandes,43088595,da Luz de da Rosa,Paraíba
322,Maria Clara Pereira,38831-428,Freitas das Flores,Maranhão
323,Gabriela Monteiro,89344676,Fernandes,Rondônia
324,Thiago da Mota,27867-934,Oliveira de Moura,Pará
325,Gabriela da Paz,13872-667,Jesus,Acre
326,Thales Almeida,55464528,Lopes,Rio Grande do Sul
327,Leonardo Viana,84902300,Caldeira,Rio de Janeiro
328,Srta. Alexia Azevedo,39369-058,Martins da Mata,Alagoas
329,Beatriz Moura,36534539,da Rosa da Praia,Mato Grosso
330,Gustavo Henrique da Rosa,44559847,Rocha,Piauí
331,Mirella Santos,52198396,Rodrigues de Rezende,Espírito Santo
332,Dr. Vitor Hugo Nunes,17179314,Gomes,Pernambuco
333,Sr. Vicente Fogaça,62091685,Nascimento do Campo,Acre
334,Sr. Vitor Gabriel da Cunha,45206018,Almeida,Sergipe
335,Luiz Miguel da Rosa,22683-864,Araújo da Serra,Distrito Federal
336,Igor Barros,99091505,Peixoto,Paraíba
337,Luna Freitas,36455771,da Costa,Roraima
338,Carolina Rezende,65150451,Castro do Campo,Alagoas
339,Otávio Dias,18017-330,Monteiro,Ceará
340,Thiago Fernandes,10730161,Moura,Paraíba
341,Sabrina Pires,77464-312,Oliveira,Mato Grosso
342,Pedro Henrique Nogueira,31002295,Jesus,Sergipe
343,Alexia Moura,29208477,da Mata de Nunes,São Paulo
344,João Guilherme Cavalcanti,91456-630,Aragão,Alagoas
345,Isis Barros,12362-597,Aragão de Minas,Acre
346,Lucas Freitas,60266151,da Cunha da Serra,Mato Grosso
347,Helena Rezende,12102273,da Mota,Acre
348,Diego Campos,49564-986,da Rocha do Oeste,Santa Catarina
349,Bárbara Moura,58067902,Cunha do Amparo,Ceará
350,Lavínia Pereira,58874072,Silva do Galho,Maranhão
351,Rodrigo Sales,04414712,Melo de Nascimento,Rio de Janeiro
352,Rafaela Campos,46074-992,Caldeira,Rio Grande do Norte
353,Srta. Alícia da Cunha,82621-771,Oliveira,Paraná
354,João Pedro Aragão,93980-636,da Paz,Amapá
355,Maria Luiza Gonçalves,38525289,Gonçalves do Galho,Pará
356,Sr. Bernardo Costa,30860-697,Farias,Amapá
357,Enzo Gabriel Costa,54118575,Campos das Flores,Rio de Janeiro
358,Pietro Peixoto,64833063,Correia Grande,Piauí
359,Dra. Luiza Freitas,45287970,Cunha do Amparo,Minas Gerais
360,Pedro Costa,86792-597,Pinto,Piauí
361,Ana Sales,54311246,Sales,Alagoas
362,Ana Carolina Oliveira,12592-692,Silveira das Flores,Rio de Janeiro
363,Maria Sophia Pereira,06391-231,Fogaça Paulista,Ceará
364,Sofia Costa,27917-644,Souza do Campo,Paraíba
365,Luna Aragão,29824058,Souza Grande,Paraíba
366,Isabella Sales,99752-448,Fogaça,Espírito Santo
367,Manuela Cavalcanti,96809241,Ramos do Amparo,Tocantins
368,Ana Laura Teixeira,48183-665,Monteiro de da Mota,Rondônia
369,Eduarda Rocha,95198642,Lopes de Goiás,Rio Grande do Sul
370,Sra. Beatriz da Costa,95438-853,Peixoto,Distrito Federal
371,João Lucas Vieira,35229-556,da Rosa Verde,Paraíba
372,Marcela Melo,38191-364,Correia das Pedras,Rondônia
373,João Lucas da Paz,25023-698,da Conceição de Viana,Mato Grosso
374,Murilo Campos,85786-018,Caldeira do Oeste,Goiás
375,Sra. Alícia Mendes,11172985,Nunes de Monteiro,Rondônia
376,Sr. Diogo Jesus,98369-682,Dias da Serra,Paraíba
377,Rodrigo Araújo,61410-463,Rodrigues,Distrito Federal
378,Vitor Gabriel Moreira,99050033,Nascimento de Pires,Roraima
379,Dra. Eloah Ramos,04342-158,Porto da Prata,Pará
380,Beatriz Barros,29256597,Azevedo de Minas,Rondônia
381,Mariane Pires,40444-038,Jesus do Oeste,Maranhão
382,Lucas Gabriel Ramos,67101161,Rezende da Mata,Pernambuco
383,Gustavo Silveira,78004-531,Ramos de Castro,Amazonas
384,Davi Lucca Nogueira,20317028,Almeida,Piauí
385,Vitória da Mota,19429193,Nascimento,Acre
386,Noah da Luz,53201722,Rodrigues Verde,Distrito Federal
387,Emanuella Martins,30750-067,Castro,Rondônia
388,Augusto Rocha,39313-114,Silva do Campo,Goiás
389,Lucas Almeida,30442-098,da Cunha da Serra,Rio Grande do Sul
390,Daniela Cavalcanti,40804055,Azevedo do Campo,Amazonas
391,Lorena Fogaça,47373110,Farias Verde,Alagoas
392,Renan Silveira,66760333,Correia,Sergipe
393,Dr. Danilo Dias,99045372,Teixeira,Acre
394,Júlia Mendes,18724866,Campos,Distrito Federal
395,Benício Silveira,30050-915,Porto,Santa Catarina
396,Mariana Caldeira,70250024,Oliveira do Norte,Piauí
397,Clara Lima,04772898,Pereira do Oeste,Rio Grande do Norte
398,Carlos Eduardo Ramos,86692-541,Gonçalves,Acre
399,Benício Duarte,73470-385,Silva,Rio de Janeiro
400,Alexia Farias,72363-467,Costela de Minas,Paraíba
401,Leandro Farias,68358-836,da Cruz,Acre
402,Mirella da Paz,70886189,Melo,Minas Gerais
403,Alexandre Caldeira,70778027,Correia de Goiás,Rondônia
404,Alice Cunha,08603-697,Castro das Flores,Espírito Santo
405,Juan Dias,10347-053,Souza da Serra,Maranhão
406,Maitê Azevedo,28396588,Campos,Pernambuco
407,Maria Sophia Martins,43343-792,Rocha,Pernambuco
408,Ana Clara Ribeiro,42980-714,Pereira Verde,Espírito Santo
409,Clara Azevedo,20726240,da Rosa,Espírito Santo
410,Leonardo Ferreira,31494475,da Rocha,Acre
411,Emanuella da Cruz,34084-748,Rodrigues das Pedras,Minas Gerais
412,João Felipe Jesus,85752660,Barbosa,Pará
413,Srta. Ana Beatriz Gonçalves,81670426,da Cunha Paulista,Acre
414,Luiz Felipe da Conceição,37615374,da Rosa,Maranhão
415,Ana Beatriz Moura,33772865,Peixoto,Maranhão
416,Luiz Gustavo da Rocha,34487-485,Sales,Rio Grande do Sul
417,Raquel Dias,27450-361,das Neves Grande,Maranhão
418,Thiago Porto,21422-704,Moreira Alegre,São Paulo
419,Isadora Moreira,24225038,Rodrigues de Almeida,Amazonas
420,Ana Cardoso,12370381,Cavalcanti Grande,Alagoas
421,Milena da Rosa,14295-058,da Rosa de Santos,Amazonas
422,Matheus Rodrigues,92855642,Gonçalves do Amparo,Mato Grosso
423,Dra. Lívia da Mota,76166145,Teixeira,Mato Grosso
424,Sra. Luana Alves,58802075,Cardoso,Tocantins
425,Srta. Vitória Mendes,97303669,Porto do Sul,Rio de Janeiro
426,Natália da Cunha,72614-888,Melo de Goiás,Roraima
427,Rebeca da Cunha,88734-790,Ramos das Flores,Rio de Janeiro
428,Sr. André Melo,94022519,Lopes de Teixeira,Mato Grosso do Sul
429,Kaique Peixoto,41178-040,Pereira do Amparo,Rondônia
430,Caio Dias,88115-558,Martins da Prata,Rio Grande do Norte
431,Gabrielly da Costa,01163714,Nunes,Goiás
432,Juan Cavalcanti,45918004,Correia,Alagoas
433,Ana Júlia da Rosa,82284277,Lopes Verde,Bahia
434,Paulo Alves,15457-343,Sales de Moura,Roraima
435,Lucca Silva,07161-093,Gomes,Minas Gerais
436,Diogo Vieira,79854257,Dias da Mata,Paraíba
437,Rafael Campos,66906269,Nogueira,Tocantins
438,Murilo Correia,99174057,Nogueira,Maranhão
439,Ian Viana,39265081,Moraes de Melo,Roraima
440,Enrico Caldeira,60743-111,Nascimento da Praia,Rio Grande do Sul
441,Lucas Gabriel Nogueira,22907237,Freitas da Serra,Mato Grosso
442,Benício Campos,98810340,Peixoto da Praia,Acre
443,Sra. Sofia Ribeiro,98231766,Santos,Goiás
444,Sra. Lara Ferreira,40407256,Dias do Amparo,Acre
445,Fernanda da Costa,41913118,da Cunha,Rio Grande do Sul
446,Isabelly Moreira,71923526,da Conceição do Oeste,Acre
447,Larissa Peixoto,26610-320,Gonçalves de Oliveira,Alagoas
448,Ryan Lima,75922430,Fernandes do Sul,Sergipe
449,Enzo Carvalho,03744086,Carvalho,Rondônia
450,Dr. Otávio da Luz,64222-210,Ribeiro,Espírito Santo
451,Paulo Gomes,28393-198,Rocha,Distrito Federal
452,André Sales,20926170,Novaes,Pará
453,Luana Silveira,61788-962,da Rocha,Paraná
454,Luiz Otávio Lima,90615133,Carvalho,Espírito Santo
455,Sr. Bryan da Mota,86202843,Nunes das Pedras,Ceará
456,Miguel da Cunha,50991173,Mendes das Pedras,Espírito Santo
457,Pedro Duarte,10217-056,Novaes de Pires,Acre
458,Samuel da Cunha,52438-398,Teixeira do Sul,Paraná
459,Daniel Fogaça,02729876,Jesus da Prata,Paraíba
460,Sr. Yuri da Luz,78530228,Almeida do Campo,Paraíba
461,Kevin Mendes,83337-941,Novaes Alegre,Piauí
462,Felipe Nunes,54837109,Silveira,Rio Grande do Norte
463,Gustavo Ferreira,76151-415,Moraes,Amazonas
464,Dra. Ana Carvalho,80152-942,Cardoso,Roraima
465,Luana Castro,68210335,Araújo Grande,Rio de Janeiro
466,Srta. Giovanna Oliveira,97294-090,Costa de Duarte,Rio Grande do Sul
467,João Miguel Farias,53817-265,Lopes,Maranhão
468,Srta. Gabrielly Moraes,25421-560,Melo do Galho,Goiás
469,Emanuelly Moreira,95763-470,Lima de da Rosa,Pernambuco
470,Sr. Pietro Souza,52775326,Barbosa,Alagoas
471,Pietra Silveira,64225-936,Gonçalves da Prata,Maranhão
472,Fernanda Nogueira,43679388,Santos,Minas Gerais
473,Marcela Pereira,09633-760,da Mata,Rio Grande do Sul
474,Lavínia Fernandes,81846-593,Cunha das Pedras,Bahia
475,Clarice Ramos,81297371,Castro do Norte,Pernambuco
476,Agatha Farias,09282-167,da Cruz,Piauí
477,Lorena Lopes,30654-241,Dias,Rio de Janeiro
478,Eloah Pinto,85629-165,Araújo das Flores,Bahia
479,Sra. Fernanda Silveira,51306-010,Rezende,Rio de Janeiro
480,Laura Dias,87195-612,Almeida,Minas Gerais
481,Rebeca Cardoso,80549-383,da Cruz de Araújo,Mato Grosso
482,Bianca Costa,10314-120,da Mota,Rio Grande do Sul
483,Bianca Santos,96412743,Lopes dos Dourados,Pará
484,Pedro da Conceição,81502-190,Azevedo,Amazonas
485,Stephany Fernandes,55605-633,Castro,Distrito Federal
486,Dra. Cecília Santos,80838453,Araújo,Rio Grande do Norte
487,Igor Pires,24503483,Teixeira de Goiás,Goiás
488,Dr. Benício Melo,48344-280,Novaes das Pedras,Acre
489,Dra. Sarah Azevedo,20994790,Fogaça de Barbosa,Goiás
490,Sr. Luiz Gustavo da Mata,43346702,Gomes,Paraná
491,Emanuel Ramos,09992-519,Lima,Distrito Federal
492,Nicole Ramos,00844600,da Mota,Pernambuco
493,Olivia Mendes,20744947,Barbosa das Pedras,Paraná
494,Dra. Maria Eduarda Viana,33033790,Melo do Oeste,Tocantins
495,Juan Monteiro,64269504,das Neves de Duarte,Rio Grande do Sul
496,Anthony Novaes,03127055,Dias,Pernambuco
497,Larissa Moraes,17134-987,Teixeira,Acre
498,Yasmin Lopes,92499747,Barbosa,Amapá
499,Clara da Mata,66026-286,Pinto da Mata,Paraíba
500,Letícia Farias,62535-723,Vieira,Paraná
