VENDEDOR_ID,VENDEDOR_NOME,VENDEDOR_TELEFONE,VENDEDOR_EMAIL,VENDEDOR_ESTADO
1,Augusto Dias,+55 (79) 92239-3463,ivieira@da.com,AC
2,Luiz Otávio Gomes,+55 15 9 8155 3642,rafaela42@rodrigues.br,MG
3,Heloísa Araújo,+55 (75) 9 8367-8676,manuelarodrigues@fogaca.com,PE
4,Gabriela da Conceição,+55 (03) 9 1186-9656,leonardoribeiro@fernandes.br,RR
5,Manuela Moura,+55 (026) 92648-6900,fpeixoto@rodrigues.br,CE
6,Luiz Henrique Peixoto,+55 (67) 98856-0875,gomestheo@alves.br,PB
7,Gustavo Henrique Fernandes,+55 76 9 4298-7349,limasophia@barbosa.br,PI
8,Manuela Barbosa,+55 (18) 91814 1557,qteixeira@cardoso.com,RJ
9,Maria da Luz,+55 (095) 95421 3244,joao-felipe70@peixoto.org,CE
10,Sr. Otávio da Mota,+55 (047) 94984-1226,davi-luizfreitas@martins.br,MS
11,Dra. Rebeca Alves,+55 84 99996-4627,kamillyvieira@nogueira.br,AC
12,Caio Rezende,+55 (02) 90504 7137,fmoreira@da.br,SP
13,Ian da Cunha,+55 63 9 9740-4410,giovannabarros@vieira.com,AC
14,Sofia da Rosa,+55 89 9 9916-0459,leonardogoncalves@alves.org,DF
15,Marcela Moreira,+55 13 9 7252 3929,leticia94@pereira.com,GO
16,Paulo Barros,+55 02 9 0402 5389,anada-cruz@castro.br,BA
17,Srta. Ana Clara Lopes,+55 (12) 9 4696 3925,nascimentojoao@da.com,AL
18,Lívia Novaes,+55 (46) 9 5278-7837,costelajulia@da.br,GO
19,Cauã Santos,+55 92 9 8844 6284,clarice68@barros.com,PB
20,Sr. Luiz Felipe Gomes,+55 37 93461-8803,larissaviana@farias.net,SC
21,Ana Sophia da Cunha,+55 (03) 91724 9610,jesusthales@moura.br,RS
22,Laura Souza,+55 (92) 9 7333-7589,isadora70@da.com,ES
23,Sophie Vieira,+55 (74) 98555 0915,fariasvitor@vieira.org,AP
24,Eduardo Mendes,+55 (40) 9 8517-0225,brenda90@cardoso.com,AM
25,Dr. Murilo da Cruz,+55 09 91070 0113,da-luzluiz-otavio@melo.br,BA
26,Sofia Peixoto,+55 (92) 96180 2336,fpinto@da.net,SP
27,Caroline Lima,+55 (84) 90320 5900,camilasales@rocha.br,RJ
28,Leandro Nogueira,+55 (091) 98357-4565,aduarte@souza.br,MG
29,Vitória da Costa,+55 (029) 90759-4926,rcavalcanti@correia.com,SP
30,Daniela Viana,+55 (41) 95377-3787,ana-lauramoura@da.br,GO
31,Otávio da Mota,+55 (24) 9 4239 0634,maria-vitoriacampos@ribeiro.com,AL
32,Ana Sophia Barbosa,+55 (079) 93981 0015,agoncalves@da.br,RN
33,Joaquim Correia,+55 68 9 8744 9802,da-rosavitor-hugo@campos.com,PE
34,Anthony Ferreira,+55 66 9 0456-5019,julia19@das.com,SP
35,Enzo da Rocha,+55 41 92464 6159,valentinaramos@santos.com,AC
36,Nina Silva,+55 40 96003 2403,helenamoraes@melo.org,SE
37,Ryan Costa,+55 (045) 97366 7810,pedro75@costela.com,RS
38,Ana Vitória da Rosa,+55 (060) 96459 3199,alexandre12@ribeiro.com,RN
39,Maria Eduarda da Mata,+55 (40) 94484-3979,thiagomelo@lima.org,CE
40,Emanuel Araújo,+55 52 9 0276-3733,urocha@caldeira.com,PA
41,Dr. Matheus da Rosa,+55 16 9 9015 3459,vitor-gabriel40@silveira.com,AP
42,Francisco da Mata,+55 (047) 91406-5167,araujoesther@da.com,RS
43,Yago Cavalcanti,+55 14 96652-5669,santosisabelly@vieira.com,MA
44,Dr. Eduardo Martins,+55 (72) 90076-4685,maria-clarafernandes@da.br,AC
45,Calebe Sales,+55 (087) 91327-3847,isabella24@santos.br,PA
46,Pedro Lucas da Rosa,+55 08 9 6136-1574,lorenapinto@araujo.net,MT
47,Luiz Miguel Azevedo,+55 (59) 9 5427-4579,martinsdavi-lucas@fogaca.com,SC
48,Dra. Maria Alice Ferreira,+55 (024) 93815 3322,thomasrocha@pires.com,MA
49,Maria Luiza Santos,+55 (07) 9 3573-6648,limalucas@castro.com,BA
50,André Correia,+55 (072) 93107 5545,lavinia89@pinto.org,PE
51,Daniela Duarte,+55 (86) 90242-1570,vitoriada-costa@caldeira.net,MT
52,João da Cunha,+55 (65) 9 2408-0961,xcarvalho@cavalcanti.org,BA
53,Esther Pereira,+55 (049) 98777 2588,barrosluiz-otavio@barros.org,PR
54,Davi Cardoso,+55 40 9 1561 8470,vianabenicio@alves.org,SC
55,Srta. Isabelly Cardoso,+55 (94) 9 0682 7226,marcos-vinicius24@monteiro.br,RO
56,Francisco Vieira,+55 (049) 99802-6073,costamaria-sophia@pires.net,PR
57,Yago Duarte,+55 04 9 8977-1564,bernardonunes@da.com,PB
58,Igor Costela,+55 (42) 97058-6337,joaquimramos@da.br,RN
59,Luiz Miguel Melo,+55 (027) 91981-4016,peixotobernardo@cardoso.com,RR
60,Cauã Monteiro,+55 16 90503-9733,monteiroeduarda@cardoso.com,CE
61,Heitor Dias,+55 (012) 94482 1506,pedro-lucas05@da.com,PI
62,Isadora Souza,+55 (083) 92080-5449,jsantos@teixeira.br,RS
63,Rodrigo Oliveira,+55 65 95801 8222,rebeca32@da.com,PI
64,Vitor Ferreira,+55 06 96612 7616,nunesluiz-otavio@monteiro.net,AP
65,Enzo Oliveira,+55 (73) 90361 2389,pribeiro@lima.br,AL
66,Valentina da Conceição,+55 (098) 96983-6924,kaiquevieira@cardoso.br,AC
67,Sr. Thiago Correia,+55 29 9 7419 9820,vianarafaela@pires.br,GO
68,Clara da Mata,+55 (17) 9 0034 7254,mpinto@teixeira.br,PI
69,Srta. Luana Barbosa,+55 42 9 2262-2858,wcunha@rodrigues.org,SC
70,Dra. Bianca Porto,+55 (040) 90908-7932,maria-vitoriaazevedo@costa.com,AM
71,Srta. Ana Clara Costela,+55 (63) 98403 2673,lucas-gabrielda-rosa@oliveira.org,GO
72,Ana Carolina Porto,+55 (83) 9 2832 5039,alexiacunha@souza.com,SE
73,Juan Silva,+55 77 9 2569 3141,gdas-neves@da.org,PI
74,Carlos Eduardo Rodrigues,+55 (078) 93541-7420,icunha@da.com,MT
75,Maria da Costa,+55 (050) 98824-8142,theo14@ribeiro.br,RS
76,Srta. Vitória Porto,+55 38 91021 4341,luiz-gustavoda-rosa@azevedo.org,PE
77,Stella Duarte,+55 (87) 92013 3735,joliveira@oliveira.org,MS
78,Marcela Castro,+55 (21) 9 7143-4717,fariasmarina@da.net,RO
79,Breno da Rocha,+55 (049) 91568-5235,fernanda28@peixoto.com,MG
80,Maria Cecília Silveira,+55 (65) 96631 1298,mouravinicius@nogueira.net,AP
81,Lucas Gabriel Nascimento,+55 (035) 98697 4016,freitasjoao-felipe@correia.com,DF
82,Luana Caldeira,+55 (020) 96292-3910,mendesdavi-lucca@da.com,PR
83,Ana Beatriz Porto,+55 (62) 91607 9180,correiaemanuelly@cunha.com,MT
84,Dra. Ana Julia Rocha,+55 (49) 97342 7053,emanuellanunes@lopes.net,CE
85,Ian Nogueira,+55 (030) 92091 6137,oliveiracecilia@carvalho.br,AP
86,Dra. Pietra Jesus,+55 (84) 9 4025 1617,maria-clarasilveira@moreira.com,PR
87,Dr. Caio Freitas,+55 (073) 90675 7007,duartebernardo@barbosa.br,MT
88,Lucas Costela,+55 (046) 96634 5550,otaviofernandes@pereira.com,RS
89,Dra. Nicole Viana,+55 (70) 92016 3490,brenda78@pereira.br,DF
90,Arthur Peixoto,+55 (050) 95684-0581,pcaldeira@silva.br,SC
91,Guilherme Correia,+55 (036) 94952 9949,duartebernardo@jesus.com,PA
92,Diogo Gonçalves,+55 09 98155 1619,scostela@mendes.br,PB
93,Sra. Alice Vieira,+55 80 91882-5178,luanamendes@nogueira.br,ES
94,Lorenzo Jesus,+55 (88) 99109-3361,novaesalice@jesus.net,MG
95,Natália Freitas,+55 79 9 9073 2354,asales@ferreira.com,PE
96,Vinicius Martins,+55 (088) 91825-4852,paulo30@duarte.net,PI
97,Sra. Eloah Correia,+55 (15) 92021-0642,santosisabelly@alves.com,PB
98,Samuel Correia,+55 58 99636-8473,marcelofogaca@da.com,PR
99,Olivia Fogaça,+55 24 9 5595-1863,larissa86@rodrigues.com,PR
100,Enzo Mendes,+55 (03) 91628-1436,cmendes@rocha.com,AM
101,Eduarda Silveira,+55 63 92274 9315,oliveiracecilia@porto.br,BA
102,Sra. Evelyn Peixoto,+55 (075) 99546 0167,maria-claracastro@ramos.br,PA
103,Ryan Dias,+55 (50) 9 7409-3918,theo77@teixeira.com,SP
104,Srta. Alice Cavalcanti,+55 59 9 1970 5891,blima@fernandes.net,MG
105,Anthony Correia,+55 (75) 90403 8990,da-cunhaemanuel@silva.com,MG
106,Caroline Pires,+55 (65) 9 8421 3125,das-nevesmaria-clara@da.com,RO
107,Augusto Farias,+55 (09) 9 6664-8679,noah19@porto.com,BA
108,Mariane Campos,+55 08 95872 1598,leticianogueira@moraes.net,PA
109,Eloah das Neves,+55 22 9 4836 8722,guilhermerodrigues@rezende.br,DF
110,Dra. Ana Beatriz Sales,+55 (070) 98780 7554,miguel04@goncalves.br,AC
111,Joaquim Cardoso,+55 (058) 96149-2888,knunes@moura.br,GO
112,Stella Cunha,+55 (50) 92027 0485,isabellagomes@da.net,RR
113,Joana Moraes,+55 66 9 3390-9457,zmelo@dias.br,PE
114,Srta. Olivia da Mata,+55 (85) 9 9430-5678,arthur58@martins.net,PE
115,Kevin Caldeira,+55 (094) 90616 6182,joao-pedroteixeira@da.net,CE
116,Rodrigo Novaes,+55 (08) 94478 1460,rebeca42@viana.br,AP
117,Bryan Lopes,+55 (44) 98465 3545,lucasgoncalves@peixoto.net,SE
118,Sra. Ana Júlia Farias,+55 40 92131-9282,stephanyda-costa@monteiro.com,SE
119,Sra. Yasmin Porto,+55 62 93285-3036,lucaspinto@da.br,ES
120,Sofia Teixeira,+55 (68) 99665-9880,ida-rosa@ribeiro.com,ES
121,Esther Cunha,+55 (43) 9 0951-6476,prezende@vieira.com,SP
122,Breno Nascimento,+55 (26) 9 1868 6479,davi-lucca64@das.net,RR
123,Dr. Otávio Araújo,+55 (006) 94589 2425,maria-alicevieira@oliveira.org,ES
124,Pietro Pires,+55 (21) 95926 9328,tpinto@rezende.br,DF
125,Juliana Ramos,+55 42 92283 0056,inogueira@aragao.net,MS
126,Alice Jesus,+55 (58) 9 8656-3449,luiz-otavio57@martins.com,RS
127,Larissa Rocha,+55 53 9 9889 0374,ramosthiago@moura.br,MT
128,Luiza Lopes,+55 (016) 99670-4070,caldeiraheloisa@peixoto.com,RO
129,Sarah Sales,+55 (23) 9 2331-4000,felipe66@caldeira.com,RR
130,Sr. Cauã da Cruz,+55 (00) 91132-4668,enrico25@moura.com,AC
131,Danilo Pereira,+55 (79) 9 1060 5351,stephanyfogaca@duarte.br,CE
132,Gustavo Henrique Jesus,+55 45 97105 3920,hpires@castro.br,SC
133,Nina Mendes,+55 (23) 91370-2206,gustavo84@mendes.org,RN
134,Luiz Miguel Duarte,+55 (075) 93710 8927,da-pazemanuelly@cardoso.org,CE
135,Dr. Emanuel Nunes,+55 (72) 91522-6893,davi-lucasda-cunha@da.com,SC
136,Dra. Lívia Costa,+55 (035) 97975-9721,fmoura@porto.br,RJ
137,Sr. Enrico Silveira,+55 (87) 9 2143 3664,wnogueira@da.org,CE
138,Lorenzo Moraes,+55 98 9 9972 7405,apereira@alves.br,MG
139,Alexandre Rodrigues,+55 57 97593-2560,nascimentomaria-eduarda@jesus.br,SE
140,Paulo Mendes,+55 (23) 99746-5273,evelyn77@jesus.org,RO
141,Isadora Santos,+55 (03) 9 4315 2153,brunorodrigues@correia.net,MS
142,Ana da Luz,+55 (73) 97091-2458,maria-vitoriaribeiro@duarte.com,AC
143,Alana Rodrigues,+55 (39) 9 5661 2631,estherda-rosa@correia.org,CE
144,Anthony Pires,+55 (29) 96436 1393,sfogaca@martins.net,PR
145,Kamilly Mendes,+55 (79) 9 2993-4261,julia37@da.net,PI
146,Pedro Henrique Alves,+55 (18) 9 3873 4277,eda-cunha@almeida.com,MT
147,Igor Correia,+55 49 9 0050-4267,vda-conceicao@nunes.br,RO
148,Ana Carolina da Costa,+55 86 9 1874-5246,melissafernandes@nunes.br,AP
149,Ana Beatriz Gonçalves,+55 (35) 92884-9280,marinaalves@peixoto.br,SP
150,Sr. Benício Lima,+55 (43) 94103-2591,joaooliveira@vieira.com,PI
151,Dra. Maria Azevedo,+55 (026) 94611 5609,cnovaes@correia.br,PE
152,Sr. Bruno Rodrigues,+55 88 9 4718-3877,ian97@nogueira.br,AL
153,Alícia Mendes,+55 20 98370 7431,cardosonathan@dias.br,PA
154,Fernanda da Luz,+55 70 9 8330 3987,fernandesenzo-gabriel@aragao.br,PI
155,Antônio Mendes,+55 (08) 9 3159 3028,barbosapietro@araujo.br,ES
156,Sra. Mariane Oliveira,+55 40 9 5148-7044,moreirabruno@silveira.br,ES
157,Dr. Diogo da Conceição,+55 73 9 9029 9131,augusto21@santos.br,MS
158,Dr. Lorenzo Moreira,+55 (003) 96402-5622,isaaccardoso@araujo.com,MT
159,Ana Lívia Barros,+55 (00) 9 1335-8975,davi-lucasda-mota@souza.net,PI
160,Sophie Barros,+55 03 90668-3749,rgomes@duarte.br,PR
161,Thales Moreira,+55 (080) 91661-3123,martinsluiz-miguel@da.com,RJ
162,Dra. Isis Correia,+55 (35) 9 2544 1045,smendes@mendes.net,RJ
163,Dr. Luiz Miguel Cavalcanti,+55 (067) 95248 1053,mariana50@cavalcanti.br,ES
164,Lucas Oliveira,+55 29 9 0370 4380,diasana-livia@silveira.com,AL
165,Sr. Lucas Gabriel Campos,+55 27 9 7535 6087,xdias@silveira.org,PB
166,Sr. Lucas Dias,+55 (54) 90943 8310,novaesmarcos-vinicius@farias.br,SE
167,Augusto Costa,+55 69 94577 3141,benicio59@souza.com,PB
168,Lucas Lima,+55 (044) 98066-2644,bfarias@melo.br,RN
169,Gabriel Aragão,+55 61 9 6915-6082,ana-claraporto@silveira.org,RJ
170,João Lucas Jesus,+55 54 9 5556-5234,moreiramaria-eduarda@castro.net,AL
171,Ian Farias,+55 (46) 9 8535-5569,vitor-hugo31@porto.org,RJ
172,Felipe Ribeiro,+55 17 9 8159 1559,pedro-lucas82@alves.br,RJ
173,João Guilherme da Luz,+55 (083) 94479-1040,oazevedo@pereira.br,RR
174,Maria Clara Dias,+55 18 94816-9533,yasmin01@pereira.br,SP
175,Renan Mendes,+55 (066) 91843 5304,gabriel37@goncalves.net,RJ
176,Luana Costa,+55 99 9 7267 7736,lalmeida@dias.br,GO
177,Sophie Pinto,+55 (095) 96076 4476,alana05@ferreira.br,SP
178,Henrique Costa,+55 62 9 9099-5665,mariacarvalho@barros.net,MT
179,Maitê da Mota,+55 60 92852 6462,dcosta@monteiro.com,GO
180,Maria Julia Rodrigues,+55 28 9 5842 7296,gomeslucas@da.com,RS
181,Ana Lívia Souza,+55 (015) 96236-5104,pedro-henriquerocha@das.com,PB
182,Eloah Nunes,+55 51 9 8149-9626,emanuelfernandes@das.com,AM
183,Vicente Almeida,+55 (38) 9 3479-7015,osouza@carvalho.net,MS
184,Rafael Fogaça,+55 48 9 6751 7736,dcardoso@oliveira.com,GO
185,Enzo da Conceição,+55 (21) 9 5702-6389,leandrosouza@farias.org,PI
186,Arthur Nunes,+55 19 97750-7827,usantos@melo.net,AM
187,Lorena Pereira,+55 07 97921-2368,ibarros@barbosa.com,RN
188,Gabriela da Rocha,+55 (55) 9 4337 0023,mirella11@silveira.br,PI
189,Amanda Campos,+55 (48) 96547 2076,lavinia28@monteiro.org,AC
190,Joana Araújo,+55 (35) 9 9411 5157,costamaria-luiza@novaes.net,SC
191,Ana Beatriz Souza,+55 (84) 94533-5572,breno47@duarte.net,RR
192,Sra. Maria Julia Moraes,+55 91 9 4526-8539,bramos@da.com,CE
193,Ana Lívia Barros,+55 55 93740 3972,luiz-henriquefogaca@souza.org,PI
194,Sra. Giovanna Caldeira,+55 41 9 2479-9090,arthurgomes@vieira.br,BA
195,Nicole Nogueira,+55 77 93750-1324,cardosomaite@gomes.br,RJ
196,Luiz Gustavo da Cunha,+55 06 9 9250-8316,limabenicio@farias.org,SP
197,Leandro Melo,+55 44 9 7373-9430,joao-lucas40@campos.org,MT
198,Levi Melo,+55 19 9 4124-3752,ana-sophiacarvalho@barros.com,MG
199,Alexia da Cruz,+55 (35) 90672 8995,carvalhogabriela@da.br,RN
200,Vinicius Cunha,+55 (051) 91526 1896,correiaamanda@moraes.br,PI
201,Dra. Maria Eduarda Melo,+55 (015) 99434 6550,diogo32@pereira.org,PI
202,Emanuelly Ribeiro,+55 24 96936 6903,mda-costa@nascimento.br,SE
203,Luiz Otávio Campos,+55 (093) 94849 7381,caraujo@pereira.com,AP
204,Dr. Fernando Costela,+55 78 90976-6492,da-cunhakaique@fernandes.com,PE
205,Maria Clara Caldeira,+55 53 9 3251-0149,lorena79@da.org,RO
206,Melissa da Rosa,+55 92 9 3314-2942,salmeida@campos.com,MG
207,Sra. Sophie Nunes,+55 90 9 4817 1305,mcaldeira@sales.br,AP
208,Davi Lucca Duarte,+55 (041) 95239 6225,antonioduarte@lima.com,RS
209,Bruno Costa,+55 28 9 2833-8970,marcos-viniciusporto@alves.com,PI
210,Ana Julia Rocha,+55 (72) 98511-1848,wviana@nunes.com,PI
211,Sra. Mirella Silveira,+55 (86) 9 4186 3221,lopesgustavo@moreira.org,SE
212,Isabella Araújo,+55 (026) 93351 9967,vbarros@silva.com,MT
213,Maria Alice Cardoso,+55 (089) 99991 3915,davi-luccarodrigues@nunes.br,AC
214,Carolina Nascimento,+55 (04) 98786-7843,sda-mota@costela.org,RS
215,Alice Martins,+55 (23) 97576 5154,tda-mata@almeida.org,GO
216,Lorena Pereira,+55 (31) 9 6361 3332,asouza@pires.com,CE
217,Lorenzo Campos,+55 56 9 2834 7553,viananathan@mendes.br,AC
218,Vitor Gabriel da Luz,+55 (46) 9 8116-7670,sophie16@silva.com,GO
219,Diogo Moreira,+55 (91) 93711-1454,moraesmelissa@rezende.net,PE
220,Sr. Emanuel Gomes,+55 (46) 96201-8337,mariane47@oliveira.com,DF
221,Emilly da Paz,+55 (034) 98712 4622,isabel12@campos.com,RO
222,Júlia Pinto,+55 20 95044-7278,joao-miguelbarbosa@da.br,DF
223,Isabella Novaes,+55 (010) 99602-5324,cpires@porto.com,RO
224,Dra. Nina Cavalcanti,+55 56 93182-2439,ramosmirella@azevedo.net,SP
225,André Freitas,+55 (48) 93810-5767,scavalcanti@nogueira.com,CE
226,Pedro Lucas Rezende,+55 36 95961 5641,ybarros@farias.com,RN
227,Gustavo Henrique Novaes,+55 (065) 98543-0522,rdias@souza.br,GO
228,Brenda Cardoso,+55 (093) 94176 4445,kdias@da.com,RR
229,Ana Vitória Caldeira,+55 (75) 96023 5680,qda-luz@moreira.br,MS
230,Dra. Eduarda Araújo,+55 (59) 9 3990-6343,tcunha@alves.net,AP
231,Luiza da Rocha,+55 09 9 5340 5688,stella03@monteiro.com,GO
232,Dra. Mariane Freitas,+55 (64) 91663-3807,laviniamartins@porto.com,SC
233,Helena Santos,+55 (68) 98818-8869,barbosalarissa@da.com,PB
234,Sra. Maria Cecília Costa,+55 (10) 90856 7099,kviana@da.br,CE
235,Giovanna Fogaça,+55 (52) 9 5886 6237,marianecardoso@da.br,SE
236,Isis Aragão,+55 (36) 91561 8527,msantos@silva.net,SE
237,Vitor Hugo Barbosa,+55 (55) 97812-8618,wfernandes@pereira.com,MT
238,Rafael das Neves,+55 (006) 97809-3556,larissa04@jesus.net,MG
239,Laura Jesus,+55 (078) 92635-8943,ramosdaniela@caldeira.com,AM
240,Letícia da Luz,+55 23 93491-3996,bteixeira@melo.br,AP
241,Vitória Carvalho,+55 12 9 2168 4273,maria97@cunha.com,SE
242,Carolina Cardoso,+55 14 90592-3277,maria-eduarda20@fogaca.br,PE
243,Calebe Monteiro,+55 30 96390 1411,breno67@gomes.br,RO
244,Sabrina Silveira,+55 (55) 96297 6142,diego20@jesus.net,AL
245,Maitê Cardoso,+55 80 9 5431 9434,hnascimento@gomes.br,MG
246,Sra. Alana Rocha,+55 (29) 9 7617-7318,osilva@aragao.org,BA
247,Isabelly Rezende,+55 (47) 9 7037 9975,da-luzana-julia@silva.br,CE
248,Vitor Gabriel Nascimento,+55 15 9 0764 7464,da-pazana-carolina@freitas.com,RJ
249,Dra. Luna Castro,+55 79 9 0995-0583,leandro25@da.com,BA
250,Gabrielly Barbosa,+55 72 92216-4121,maria-julia71@alves.com,RS
251,Maysa Azevedo,+55 25 95775 7143,irodrigues@azevedo.org,RS
252,Vinicius Aragão,+55 (31) 92680-3931,joaquim66@porto.br,GO
253,Leandro Freitas,+55 (094) 98984-7837,vitor-hugo37@cunha.com,MG
254,Fernanda Costa,+55 (61) 95951 0315,bda-conceicao@santos.com,RN
255,Guilherme da Cruz,+55 49 91430-3465,lda-paz@costela.br,AL
256,Isadora Alves,+55 (062) 99482-0782,cunhafrancisco@oliveira.net,PR
257,Thomas Moraes,+55 (93) 9 0087-9777,felipefogaca@fogaca.com,SC
258,Calebe Fogaça,+55 (089) 94166 3043,alexandrefarias@pinto.br,SC
259,João Felipe Carvalho,+55 (00) 93447-5020,cardosothomas@dias.br,GO
260,Alice da Rosa,+55 (91) 9 4110 3233,juliana61@mendes.net,PE
261,Agatha Caldeira,+55 (17) 9 3362-5977,joao-guilhermefogaca@castro.br,GO
262,Isabel Silveira,+55 (64) 94118 6636,wmonteiro@azevedo.com,SC
263,Maria Fernanda Silveira,+55 65 9 8689-5012,liviada-rosa@araujo.net,RJ
264,Helena Cavalcanti,+55 (064) 92157 8198,fernandoda-rosa@peixoto.net,AP
265,Nicole Farias,+55 56 92304-3303,melissamelo@azevedo.com,PI
266,Sr. Matheus Lopes,+55 56 93393 7022,castromaria-alice@cardoso.org,RN
267,Thales Martins,+55 70 9 5579 8848,silvamaria-eduarda@novaes.br,RR
268,Benício Costela,+55 07 9 6449 7107,leonardo45@costela.br,GO
269,Sr. Lorenzo Rezende,+55 65 91524 2539,qporto@rezende.br,MG
270,Miguel Campos,+55 46 9 8161 8374,melissapereira@da.org,AL
271,Theo Cardoso,+55 (71) 9 0643-3988,efernandes@correia.br,AP
272,Agatha Porto,+55 (69) 9 9423 5019,vgoncalves@santos.net,PA
273,Miguel da Cunha,+55 23 9 7895-6512,joao-miguelmoraes@da.br,RR
274,João Gabriel da Conceição,+55 (027) 98681-9567,mribeiro@lopes.br,AL
275,Valentina Castro,+55 85 93852 9678,rezendemilena@pereira.br,PA
276,Sabrina Ribeiro,+55 (96) 92508 0216,isis41@melo.com,PR
277,Enrico Correia,+55 (027) 96204 1099,mirella90@fogaca.com,DF
278,Ana Clara da Paz,+55 (47) 9 8028 5952,ealmeida@costa.br,DF
279,Catarina Araújo,+55 (46) 9 9237 1360,taraujo@rocha.net,MT
280,Natália Correia,+55 45 9 9574 4188,salesjoaquim@da.br,PA
281,Diogo da Paz,+55 58 99354-7069,qcastro@sales.com,PB
282,Mirella Monteiro,+55 (95) 90603-5000,silveiralivia@da.com,RJ
283,Rafaela Moura,+55 (99) 9 0336-2136,diogocunha@ribeiro.com,SC
284,Enrico Vieira,+55 22 9 6649 7091,matheus51@lopes.com,CE
285,Cauê Pereira,+55 (30) 9 6430 7631,piresmaria-luiza@cardoso.br,RJ
286,Pedro Miguel da Luz,+55 (56) 9 8594-4254,araujocaua@ferreira.br,SE
287,Catarina Viana,+55 (09) 96417-6968,natalia51@pereira.br,RS
288,Heloísa Aragão,+55 (004) 91025 6013,yda-rocha@ribeiro.net,PR
289,Mariane Ribeiro,+55 29 99730-1135,pedro-lucasjesus@da.com,CE
290,Noah Gomes,+55 42 9 5091-6395,correiasophie@freitas.com,PE
291,Dr. Vicente Nogueira,+55 85 9 7924 9044,vcardoso@da.br,SE
292,Augusto Rocha,+55 (035) 92622 4940,noah58@correia.br,RN
293,Lucas Vieira,+55 61 9 1757 3435,noah79@novaes.net,RN
294,Dr. Calebe Cardoso,+55 85 95600 5980,laura95@dias.br,MT
295,Catarina Rocha,+55 (87) 93730 1138,isabellacosta@nogueira.br,SE
296,Juliana Sales,+55 33 9 6220 4818,franciscoferreira@da.br,RS
297,Luna da Costa,+55 (000) 99734-7402,nda-rosa@sales.com,AL
298,Rebeca Peixoto,+55 90 9 8566-5545,moraesbenicio@rodrigues.net,AM
299,Melissa Costela,+55 (071) 98196 8635,levifogaca@santos.br,SC
300,Cauã Santos,+55 14 9 9570 3051,julia78@da.br,PI
