FUNCIONARIO_ID,FUNCIONARIO_NOME,FUNCIONARIO_ENDERECO
1,Fernanda Azevedo,Residencial Alexandre Sales | Dom Silverio | Acre | DF | 10452538
2,Dr. João Lucas Cunha,"Recanto de Teixeira, 8 | Mariquinhas | Alagoas | PB | 18801208"
3,Pedro Silveira,"Distrito Nicolas Lima, 15 | Caiçara - Adelaide | Roraima | TO | 50607894"
4,Vitor Gabriel Pinto,"Alameda de da Cruz, 40 | Boa Vista | Bahia | RR | 36859548"
5,Bruno Ramos,"Largo da Mata, 99 | Xodo-Marize | Minas Gerais | MS | 48092453"
6,Nicole Moreira,"Travessa da Rosa, 7 | Madri | Amazonas | PI | 07320612"
7,Luna Rodrigues,"Esplanada de das Neves, 1 | Ápia | Tocantins | MT | 03820568"
8,João Pedro Dias,Praia da Costa | Vila Santa Rosa | Mato Grosso do Sul | CE | 93449454
9,Sr. Carlos Eduardo Carvalho,"Vila Campos, 93 | Xodo-Marize | Mato Grosso do Sul | SP | 72962-710"
10,Rafaela Moura,"Rodovia de Moreira, 7 | São Damião | Distrito Federal | MA | 81648-957"
11,Luiz Henrique Jesus,"Viela Moreira, 3 | Vila Boa Vista | Pará | SC | 79761277"
12,Breno Ferreira,Aeroporto Nogueira | Conjunto Celso Machado | Distrito Federal | SE | 73130-717
13,Dra. Eduarda Nogueira,"Largo Alexia Fogaça, 91 | Silveira | Pernambuco | AL | 87512855"
14,Cecília Dias,"Conjunto Vitória da Costa, 18 | Apolonia | Roraima | PR | 04079-229"
15,Isabella Gonçalves,"Setor de Moura, 25 | Vila Cloris | Rio Grande do Sul | DF | 91269-712"
16,Vitor Hugo Caldeira,"Trevo de Peixoto, 3 | Beira Linha | Rondônia | PI | 52657403"
17,Rafael Farias,"Avenida de Lima, 992 | Piratininga | Tocantins | RS | 75462759"
18,Caroline Costela,Estação de Moraes | Jardim São José | Mato Grosso do Sul | MS | 55879-617
19,Sr. João Vitor Melo,"Jardim Luiza Jesus, 90 | São Bernardo | São Paulo | PR | 02363913"
20,Dr. Henrique Cardoso,"Praia de Peixoto, 29 | Nova Vista | Rondônia | PB | 92232-653"
